"nodes","lambda","misclass","gini"
5,0.03,0.10958430015338,0.0175032994724049
